k,weighting,emb_type,emb_path,emb_fmt,fold,rmse,pearson_corr,pearson_p,spearman_corr,spearman_p
20,uniform,fasttext,cc.ar.300.bin,bin,1,0.5752950842953446,0.9152701918465992,8.867882774064504e-14,0.8882574453882927,5.334580396519418e-12
20,uniform,fasttext,cc.ar.300.bin,bin,2,0.7818294600380667,0.8351574679459486,2.776008700524666e-09,0.8589768400617621,3.158948443698531e-10
20,uniform,fasttext,cc.ar.300.bin,bin,3,0.7206421922422038,0.9094505449625375,5.822379986104699e-13,0.8344355545593576,2.9489577643901813e-09
20,uniform,fasttext,cc.ar.300.bin,bin,4,0.8748927749125621,0.8124890502330981,1.6320416618876384e-08,0.7897977909265338,7.691487959356377e-08
20,uniform,fasttext,cc.ar.300.bin,bin,5,0.623882544172435,0.8909440551885538,8.34390534175128e-12,0.8848552116757186,1.8073158156918785e-11
20,uniform,fasttext,cc.ar.300.bin,bin,all,0.7153084111321225,0.8726622620353475,3.8210880283138306e-09,0.851264568522333,1.6040627988175448e-08
20,distance,fasttext,cc.ar.300.bin,bin,1,0.5618488687751901,0.920003832171183,3.761528377684457e-14,0.892937763128389,2.8420083027494314e-12
20,distance,fasttext,cc.ar.300.bin,bin,2,0.7745258941508633,0.8375451233232554,2.268337595082862e-09,0.8701633445971523,9.88685306470548e-11
20,distance,fasttext,cc.ar.300.bin,bin,3,0.7112913433433581,0.9120260388303321,3.843861199204656e-13,0.8340684469682623,3.040662316070649e-09
20,distance,fasttext,cc.ar.300.bin,bin,4,0.8661416970557584,0.8153843809392812,1.3193118964023587e-08,0.7927338421939185,6.361973014951637e-08
20,distance,fasttext,cc.ar.300.bin,bin,5,0.610961214727306,0.8948928620694144,4.930905824636719e-12,0.8920059272280089,7.257835354739853e-12
20,distance,fasttext,cc.ar.300.bin,bin,all,0.7049538036104952,0.8759704474666933,3.093361893266957e-09,0.8563818648231463,1.3353872167978315e-08
